{"_wandb":{"runtime":592},"train_accuracy":1,"_timestamp":1.737022043298729e+09,"_runtime":587.871633217,"_step":1874,"train_loss":0.021993914619088173}
