{"_step":1874,"_wandb":{"runtime":400},"train_loss":0.016283879056572914,"train_accuracy":1,"_timestamp":1.7370237832286391e+09,"_runtime":398.68071053}
